Symbol,Fund Name,Div. Growth 3Y,Div. Growth 5Y,Div. Growth 10Y,Div. Yield,Assets
VOO,Vanguard S&P 500 ETF,5.56%,5.76%,6.07%,1.14%,864411735680
IVV,iShares Core S&P 500 ETF,7.10%,7.22%,5.41%,1.18%,743794241845
SPY,State Street SPDR S&P 500 ETF,4.55%,5.82%,5.49%,1.09%,689207414294
VTI,Vanguard Total Stock Market ETF,4.94%,5.92%,6.34%,1.13%,586702337100
QQQ,Invesco QQQ Trust Series I,8.96%,9.72%,9.12%,0.46%,394825044696
VEA,Vanguard FTSE Developed Markets ETF,13.04%,12.00%,6.01%,2.77%,217207847922
VUG,Vanguard Growth ETF,6.90%,3.59%,3.75%,0.43%,195605109463
IEFA,iShares Core MSCI EAFE ETF,25.21%,13.31%,8.34%,3.33%,179178451321
VTV,Vanguard Value ETF,3.70%,5.88%,6.29%,1.97%,167971856741
GLD,SPDR Gold Shares,,,,,160969647110
BND,Vanguard Total Bond Market ETF,14.43%,7.48%,3.38%,3.92%,151887116585
IEMG,iShares Core MSCI Emerging Markets ETF,17.41%,9.14%,7.14%,2.49%,144467309321
VXUS,Vanguard Total International Stock ETF,12.21%,11.35%,6.14%,2.81%,140761222831
AGG,iShares Core U.S. Aggregate Bond ETF,15.06%,10.69%,3.60%,3.94%,135644420929
IWF,iShares Russell 1000 Growth ETF,-6.46%,2.12%,1.87%,0.38%,117473926659
VWO,Vanguard FTSE Emerging Markets ETF,-0.01%,9.19%,3.59%,2.64%,114920127809
VGT,Vanguard Information Technology ETF,0.65%,2.54%,5.49%,0.41%,111704893886
IJH,iShares Core S&P Mid-Cap ETF,2.13%,9.60%,7.18%,1.26%,111402111685
VIG,Vanguard Dividend Appreciation ETF,4.49%,8.14%,6.91%,1.56%,102340512509
IJR,iShares Core S&P Small Cap ETF,2.18%,9.03%,6.94%,1.23%,96750393133
VO,Vanguard Mid-Cap ETF,9.74%,8.41%,7.92%,1.46%,95209462447
XLK,State Street Technology Select Sector SPDR ETF,4.98%,6.84%,6.52%,0.54%,90319072820
SCHD,Schwab US Dividend Equity ETF,6.25%,8.68%,10.43%,3.45%,85949290453
SGOV,iShares 0-3 Month Treasury Bond ETF,17.28%,,,3.95%,85852695440
RSP,Invesco S&P 500 Equal Weight ETF,6.19%,9.17%,8.50%,1.58%,85432942240
ITOT,iShares Core S&P Total U.S. Stock Market ETF,3.97%,5.29%,6.11%,1.08%,83254989001
BNDX,Vanguard Total International Bond ETF,39.36%,27.31%,9.85%,4.46%,78040687697
EFA,iShares MSCI EAFE ETF,27.15%,12.57%,6.79%,3.18%,75251364737
VYM,Vanguard High Dividend Yield Index ETF,2.03%,3.15%,4.96%,2.31%,74724732854
IAU,iShares Gold Trust,,,,,73953312882
QQQM,Invesco NASDAQ 100 ETF,9.18%,,,0.50%,73778984431
IWM,iShares Russell 2000 ETF,-3.42%,4.63%,4.23%,0.97%,73208364528
VB,Vanguard Small-Cap ETF,5.17%,8.57%,6.36%,1.29%,73102526606
IWD,iShares Russell 1000 Value ETF,2.59%,6.39%,3.58%,1.61%,72990917023
VT,Vanguard Total World Stock ETF,9.35%,9.91%,6.64%,1.74%,66134825701
VCIT,Vanguard Intermediate-Term Corporate Bond ETF,15.73%,9.23%,3.40%,4.73%,64719949440
IVW,iShares S&P 500 Growth ETF,-5.77%,-0.22%,0.87%,0.40%,64218801898
SCHX,Schwab U.S. Large-Cap ETF,5.33%,4.49%,5.82%,1.12%,63953614146
VEU,Vanguard FTSE All-World ex-US Index Fund,11.72%,12.60%,5.63%,2.77%,62580285520
SCHF,Schwab International Equity ETF,17.23%,14.08%,8.71%,3.14%,61839608089
IBIT,iShares Bitcoin Trust ETF,,,,,55893021019
IXUS,iShares Core MSCI Total International Stock ETF,23.04%,11.95%,7.51%,3.00%,55091553238
SCHG,Schwab U.S. Large-Cap Growth ETF,15.58%,9.57%,4.58%,0.41%,50888169631
IWR,iShares Russell Midcap ETF,3.68%,9.12%,5.99%,1.23%,50567477707
BIL,State Street SPDR Bloomberg 1-3 Month T-Bill ETF,18.44%,158.51%,56.11%,3.95%,50520910811
XLF,State Street Financial Select Sector SPDR ETF,4.28%,6.07%,4.79%,1.56%,50322474497
IEF,iShares 7-10 Year Treasury Bond ETF,19.37%,27.83%,6.41%,3.84%,49559820345
QUAL,iShares MSCI USA Quality Factor ETF,1.64%,1.59%,5.12%,0.95%,48194570895
VV,Vanguard Large-Cap ETF,4.75%,6.01%,6.21%,1.09%,47739252053
IVE,iShares S&P 500 Value ETF,4.39%,3.60%,4.76%,1.60%,47542361101
SMH,VanEck Semiconductor ETF,1.94%,7.03%,14.39%,0.25%,46363444903
SPYG,State Street SPDR Portfolio S&P 500 Growth ETF,-1.14%,3.49%,3.46%,0.54%,45157722252
JEPI,JPMorgan Equity Premium Income ETF,-8.49%,,,8.30%,44940922380
BSV,Vanguard Short-Term Bond ETF,34.19%,18.49%,10.61%,3.93%,44432239634
IWB,iShares Russell 1000 ETF,4.01%,5.56%,5.06%,1.01%,44289956300
DIA,State Street SPDR Dow Jones Industrial Average ETF Trust,2.84%,4.75%,5.34%,1.47%,44109572849
MUB,iShares National Muni Bond ETF,11.81%,7.48%,2.44%,3.17%,43354249107
VTEB,Vanguard Tax-Exempt Bond ETF,13.19%,9.92%,,3.35%,42350889700
DFAC,Dimensional U.S. Core Equity 2 ETF,3.51%,,,0.99%,42273567447
VCSH,Vanguard Short-Term Corporate Bond ETF,26.16%,15.73%,7.79%,4.42%,42242108124
TLT,iShares 20+ Year Treasury Bond ETF,10.91%,12.30%,2.34%,4.52%,42030328598
GOVT,iShares U.S. Treasury Bond ETF,20.72%,8.55%,9.44%,3.52%,40929939398
XLE,State Street Energy Select Sector SPDR ETF,-3.46%,7.43%,4.18%,2.62%,40644022211
VGIT,Vanguard Intermediate-Term Treasury ETF,24.08%,9.99%,7.76%,3.82%,39770325506
VONG,Vanguard Russell 1000 Growth ETF,0.16%,4.13%,4.00%,0.48%,39091380216
MBB,iShares MBS ETF,17.84%,13.09%,2.63%,4.22%,38780541099
DGRO,iShares Core Dividend Growth ETF,6.90%,7.09%,8.72%,2.05%,38669427206
SCHB,Schwab U.S. Broad Market ETF,5.54%,4.45%,5.85%,1.13%,38647275255
XLV,State Street Health Care Select Sector SPDR ETF,6.84%,8.01%,8.97%,1.70%,38547435953
SPDW,State Street SPDR Portfolio Developed World ex-US ETF,16.54%,11.92%,7.29%,3.04%,38181548418
JPST,JPMorgan Ultra-Short Income ETF,17.40%,32.04%,,4.33%,37812885592
SLV,iShares Silver Trust,,,,,37134915923
IUSB,iShares Core Total USD Bond Market ETF,15.57%,7.90%,6.55%,4.23%,36242959901
JEPQ,JPMorgan NASDAQ Equity Premium Income ETF,,,,10.73%,35712173424
VNQ,Vanguard Real Estate ETF,0.64%,1.64%,-0.13%,3.75%,35416732911
VBR,Vanguard Small Cap Value ETF,5.80%,9.54%,6.26%,1.84%,33747502225
SPYV,State Street SPDR Portfolio S&P 500 Value ETF,6.32%,4.21%,5.16%,1.79%,32540261531
DYNF,iShares U.S. Equity Factor Rotation Active ETF,3.54%,4.58%,,0.98%,31837588252
GLDM,SPDR Gold Minishares Trust of beneficial interest,,,,,31247665340
LQD,iShares iBoxx $ Investment Grade Corporate Bond ETF,9.43%,7.40%,2.23%,4.54%,30765989798
CGDV,Capital Group Dividend Value ETF,14.18%,,,1.27%,30760428290
GDX,VanEck Gold Miners ETF,8.18%,3.43%,27.68%,0.64%,30562760342
VGK,Vanguard FTSE Europe ETF,9.69%,13.77%,4.61%,2.84%,30490295246
XLI,State Street Industrial Select Sector SPDR ETF,7.23%,9.96%,5.84%,1.19%,30432892360
EFV,iShares MSCI EAFE Value ETF,17.09%,14.42%,6.70%,3.82%,29986163871
ACWI,iShares MSCI ACWI ETF,10.47%,9.27%,4.20%,1.51%,29775264891
MGK,Vanguard Mega Cap Growth ETF,4.82%,2.22%,1.50%,0.37%,29236573851
IDEV,iShares Core MSCI International Developed Markets ETF,25.63%,12.65%,,3.20%,28958626053
VGSH,Vanguard Short-Term Treasury ETF,32.11%,21.55%,17.75%,3.92%,28950894193
BIV,Vanguard Intermediate-Term Bond ETF,19.05%,1.86%,2.54%,4.13%,28399753107
IUSG,iShares Core S&P U.S. Growth ETF,-1.58%,2.43%,5.10%,0.54%,27859830453
TQQQ,ProShares UltraPro QQQ,36.53%,537.24%,51.04%,0.64%,27577336708
EEM,iShares MSCI Emerging Markets ETF,10.74%,9.84%,4.71%,2.01%,26859237569
VXF,Vanguard Extended Market ETF,10.16%,1.87%,5.66%,1.13%,26782197271
JAAA,Janus Henderson AAA CLO ETF,10.93%,,,5.13%,26749396914
SHY,iShares 1-3 Year Treasury Bond ETF,27.88%,42.73%,19.99%,3.72%,25656697361
MDY,State Street SPDR S&P MIDCAP 400 ETF Trust,5.37%,9.77%,6.93%,1.11%,25313336722
FBND,Fidelity Total Bond ETF,10.78%,-4.00%,3.24%,4.71%,25254516050
XLU,State Street Utilities Select Sector SPDR ETF,4.61%,3.99%,4.01%,2.53%,25102089230
IUSV,iShares Core S&P US Value ETF,6.07%,5.14%,5.16%,1.77%,24683343407
XLC,State Street Communication Services Select Sector SPDR ETF,40.17%,24.05%,,1.23%,24624814201
AVUV,Avantis U.S. Small Cap Value ETF,3.85%,13.11%,,1.35%,24559329085
FNDX,Schwab Fundamental U.S. Large Company ETF,6.08%,5.92%,8.37%,1.57%,24505504092
USHY,iShares Broad USD High Yield Corporate Bond ETF,4.94%,3.34%,,6.90%,24400233309
SOXX,iShares Semiconductor ETF,3.12%,9.81%,15.63%,0.43%,23238508651
FNDF,Schwab Fundamental International Equity ETF,15.83%,17.09%,9.83%,3.04%,22688761837
USMV,iShares MSCI USA Min Vol Factor ETF,6.34%,4.29%,5.33%,1.58%,22651402208
DVY,iShares Select Dividend ETF,7.20%,8.20%,7.18%,3.44%,22590768392
MTUM,iShares MSCI USA Momentum Factor ETF,-13.57%,14.77%,9.45%,0.75%,22263509125
XLY,State Street Consumer Discretionary Select Sector SPDR ETF,7.42%,8.97%,4.21%,0.79%,21970381781
VOOG,Vanguard S&P 500 Growth ETF,-0.12%,2.77%,3.55%,0.51%,21915843685
AVEM,Avantis Emerging Markets Equity ETF,10.14%,12.37%,,2.26%,21864008158
VOE,Vanguard Mid-Cap Value ETF,5.95%,7.25%,6.04%,1.94%,21847258207
IGSB,iShares 1-5 Year Investment Grade Corporate Bond ETF,25.82%,15.16%,13.62%,4.54%,21835023723
VBK,Vanguard Small-Cap Growth ETF,3.58%,7.15%,1.92%,0.50%,21230880694
SHV,iShares Trust iShares 0-1 Year Treasury Bond ETF,19.18%,200.94%,50.44%,3.93%,21193829529
RDVY,First Trust Rising Dividend Achievers ETF,-11.97%,2.44%,0.57%,0.97%,20976882360
SCHA,Schwab U.S. Small-Cap ETF,3.04%,8.16%,5.18%,1.11%,20865525370
SDY,State Street SPDR S&P Dividend ETF,5.59%,3.14%,-2.24%,2.50%,20850591100
CGGR,Capital Group Growth ETF,-24.82%,,,0.10%,20518747666
EMXC,iShares MSCI Emerging Markets ex China ETF,18.77%,19.12%,,2.41%,19777287783
EWJ,iShares MSCI Japan ETF,87.41%,36.77%,17.66%,4.14%,19748597462
DFIV,Dimensional International Value ETF,4.45%,,,2.57%,18993424117
IYW,iShares U.S. Technology ETF,-14.82%,-6.89%,-1.90%,0.14%,18944647286
IWP,iShares Russell Mid-Cap Growth ETF,-11.48%,6.83%,-0.77%,0.36%,18876062161
VYMI,Vanguard International High Dividend Yield ETF,6.88%,10.88%,,3.48%,18766274161
IEI,iShares 3-7 Year Treasury Bond ETF,30.67%,28.86%,9.44%,3.57%,18728851323
DFUS,Dimensional U.S. Equity Market ETF,2.40%,,,0.92%,18645762074
OEF,iShares S&P 100 ETF,5.22%,5.21%,5.01%,0.94%,18422940639
AVDV,Avantis International Small Cap Value ETF,15.79%,18.54%,,2.83%,18382668625
COWZ,Pacer US Cash Cows 100 ETF,10.05%,13.20%,,2.10%,18084497983
EWY,iShares MSCI South Korea ETF,7.26%,3.95%,12.18%,1.47%,18001251908
USFR,WisdomTree Floating Rate Treasury Fund,11.48%,222.23%,,4.00%,17926202475
IWV,iShares Russell 3000 ETF,1.34%,4.85%,4.04%,0.95%,17926072536
IGIB,iShares 5-10 Year Investment Grade Corporate Bond ETF,15.85%,10.00%,6.40%,4.72%,17724972904
VTIP,Vanguard Short-Term Inflation-Protected Securities ETF,-12.89%,20.68%,,3.61%,17386741245
VONV,Vanguard Russell 1000 Value ETF,4.42%,6.51%,4.92%,1.75%,17380378083
VOT,Vanguard Mid-Cap Growth ETF,7.96%,11.21%,6.82%,0.69%,17195702774
HYG,iShares iBoxx $ High Yield Corporate Bond ETF,4.26%,2.88%,-0.24%,5.84%,17015813731
USIG,iShares Broad USD Investment Grade Corporate Bond ETF,12.83%,7.91%,3.11%,4.68%,16946104802
BINC,iShares Flexible Income Active ETF,,,,5.88%,16852446695
SPEM,State Street SPDR Portfolio Emerging Markets ETF,5.68%,8.42%,8.35%,2.63%,16735454871
SPHQ,Invesco S&P 500 Quality ETF,2.16%,7.58%,7.14%,1.14%,16711643961
SPMD,State Street SPDR Portfolio S&P 400 Mid Cap ETF,4.29%,9.48%,-5.18%,1.31%,16378619551
VHT,Vanguard Health Care ETF,12.13%,10.10%,8.83%,1.72%,16270715209
FTEC,Fidelity MSCI Information Technology Index ETF,1.75%,3.88%,7.99%,0.43%,16021940681
MINT,PIMCO Enhanced Short Maturity Active Exchange-Traded Fund,17.36%,41.80%,15.96%,4.43%,15908514095
BBJP,JPMorgan BetaBuilders Japan ETF,30.23%,17.34%,,4.92%,15882837238
DGRW,WisdomTree US Quality Dividend Growth Fund,-1.60%,3.97%,7.07%,1.39%,15831314034
DFAI,Dimensional International Core Equity Market ETF,10.29%,,,2.29%,15592221411
SCHP,Schwab US TIPS ETF,-15.71%,20.30%,23.27%,3.69%,15562977251
ESGU,iShares ESG Aware MSCI USA ETF,0.51%,6.57%,,1.03%,15542497371
SCHV,Schwab U.S. Large-Cap Value ETF,3.13%,1.42%,4.24%,1.90%,15345805935
AVDE,Avantis International Equity ETF,13.18%,13.02%,,2.56%,15340577287
IWY,iShares Russell Top 200 Growth ETF,-4.03%,1.22%,1.49%,0.37%,15299439290
VMBS,Vanguard Mortgage-Backed Securities ETF,17.82%,17.31%,5.99%,4.22%,15019856742
EFG,iShares MSCI EAFE Growth ETF,37.88%,18.25%,8.54%,2.43%,14833458683
STIP,iShares 0-5 Year TIPS Bond ETF,-10.78%,19.03%,25.21%,3.42%,14782240316
PULS,PGIM Ultra Short Bond ETF,12.82%,24.08%,,4.68%,14659023687
SPSM,State Street SPDR Portfolio S&P 600 Small Cap ETF,9.73%,12.58%,4.74%,1.52%,14614291977
VTWO,Vanguard Russell 2000 ETF,3.41%,8.94%,7.19%,1.19%,14594675370
IWS,iShares Russell Mid-Cap Value ETF,1.48%,6.17%,3.22%,1.43%,14578833781
XLP,State Street Consumer Staples Select Sector SPDR ETF,5.53%,4.34%,5.70%,2.64%,14355322233
GSLC,TR Activebeta US Large Cap Equity ETF,2.97%,7.17%,,1.02%,14282138631
SCZ,iShares MSCI EAFE Small-Cap ETF,36.78%,16.23%,8.78%,3.09%,14263516016
TIP,iShares TIPS Bond ETF,-14.43%,20.62%,25.09%,2.79%,14121956417
ITA,iShares U.S. Aerospace & Defense ETF,-3.11%,2.87%,7.55%,0.47%,14024670839
EMB,iShares JP Morgan USD Emerging Markets Bond ETF,4.82%,2.29%,-0.89%,5.07%,13970171522
DFUV,Dimensional US Marketwide Value ETF,7.12%,,,1.47%,13958009821
HDV,iShares Core High Dividend ETF,-0.25%,2.29%,3.38%,2.96%,13611256014
PFF,iShares Preferred & Income Securities ETF,-4.25%,-0.24%,-2.41%,5.78%,13605470708
SCHM,Schwab U.S. Mid-Cap ETF,4.26%,11.14%,6.83%,1.35%,13592705987
SOXL,Direxion Daily Semiconductor Bull 3X ETF,21.79%,53.35%,1.77%,0.10%,13527958656
DFIC,Dimensional International Core Equity 2 ETF,31.57%,,,2.31%,13516025463
FBTC,Fidelity Wise Origin Bitcoin Fund,,,,,13430459981
DFAS,Dimensional U.S. Small Cap ETF,9.38%,,,0.98%,13386715546
SPMO,Invesco S&P 500 Momentum ETF,-4.07%,12.03%,,0.82%,13383143910
DFAT,Dimensional U.S. Targeted Value ETF,15.75%,,,1.50%,13131647397
IAGG,iShares Core International Aggregate Bond ETF,1.24%,23.79%,,3.68%,13033509965
IWN,iShares Russell 2000 Value ETF,-0.33%,8.52%,4.71%,1.55%,12864502362
IWO,iShares Russell 2000 Growth ETF,-5.74%,5.14%,2.29%,0.46%,12837899957
SCHR,Schwab Intermediate-Term US Treasury ETF,16.06%,19.60%,8.70%,3.88%,12776924849
IQLT,iShares MSCI Intl Quality Factor ETF,10.33%,8.42%,5.20%,2.18%,12636096134
PYLD,PIMCO Multisector Bond Active Exchange-Traded Fund,,,,6.30%,12618093294
PAVE,Global X U.S. Infrastructure Development ETF,25.74%,35.73%,,0.80%,12529995182
VFH,Vanguard Financials ETF,0.14%,3.64%,6.63%,1.56%,12516057051
SPTM,State Street SPDR Portfolio S&P 1500 Composite Stock Market ETF,5.33%,7.01%,6.34%,1.15%,12207349952
AMLP,Alerian MLP ETF,8.36%,7.08%,-3.53%,7.59%,12156629683
SCHO,Schwab Short-Term US Treasury ETF,24.92%,31.05%,18.09%,3.97%,12061229380
SCHE,Schwab Emerging Markets Equity ETF,8.79%,5.08%,6.80%,2.73%,12013405906
TLH,iShares 10-20 Year Treasury Bond ETF,8.54%,1.97%,4.57%,4.36%,11816887805
MOAT,VanEck Morningstar Wide Moat ETF,24.44%,11.28%,13.15%,1.44%,11783466602
ESGV,Vanguard ESG U.S. Stock ETF,6.07%,7.41%,,0.96%,11646800500
MGV,Vanguard Mega Cap Value ETF,5.22%,7.06%,6.70%,2.01%,11615874586
AVUS,Avantis U.S. Equity ETF,0.68%,8.77%,,1.00%,11489052398
DFAX,Dimensional World ex U.S. Core Equity 2 ETF,4.24%,,,2.33%,11251131520
ESGD,iShares ESG Aware MSCI EAFE ETF,26.94%,15.46%,,3.40%,11206754158
VSS,Vanguard FTSE All-World ex-US Small-Cap ETF,17.63%,11.12%,7.18%,3.16%,11190700739
NOBL,ProShares S&P 500 Dividend Aristocrats ETF,9.18%,5.49%,8.52%,2.12%,11179059333
JCPB,JPMorgan Core Plus Bond ETF,13.56%,7.65%,,4.94%,11005951433
SUB,iShares Short-Term National Muni Bond ETF,30.47%,17.19%,12.49%,2.48%,10982500315
GBTC,Grayscale Bitcoin Trust ETF,,,,,10974632728
AVLV,Avantis U.S. Large Cap Value ETF,-3.03%,,,1.16%,10972169428
BOXX,Alpha Architect 1-3 Month Box ETF,,,,,10933384476
DUHP,Dimensional US High Profitability ETF,6.86%,,,1.06%,10899229115
BAI,iShares A.I. Innovation and Tech Active ETF,,,,1.57%,10867906522
VLUE,iShares MSCI USA Value Factor ETF,-1.39%,8.63%,5.83%,1.87%,10860052156
DFAU,Dimensional US Core Equity Market ETF,5.65%,,,0.99%,10719166089
EWZ,iShares MSCI Brazil ETF,-15.97%,12.80%,14.09%,3.99%,10703846517
SPIB,State Street SPDR Portfolio Intermediate Term Corporate Bond ETF,15.07%,15.42%,5.08%,4.43%,10701973636
ACWX,iShares MSCI ACWI ex U.S. ETF,17.11%,11.34%,6.24%,2.62%,10648184911
SDVY,First Trust SMID Cap Rising Dividend Achievers ETF,-12.31%,6.79%,,1.07%,10582782875
JIRE,JPMorgan International Research Enhanced Equity ETF,11.88%,,,2.81%,10557739087
IGF,iShares Global Infrastructure ETF,18.37%,9.50%,4.54%,2.88%,10508344636
SPTL,State Street SPDR Portfolio Long Term Treasury ETF,9.23%,8.70%,1.89%,4.16%,10464327549
SCHI,Schwab 5-10 Year Corporate Bond ETF,19.22%,14.85%,,5.03%,10340738532
VDE,Vanguard Energy ETF,-5.22%,9.60%,1.72%,2.43%,10313366054
BBCA,JPMorgan BetaBuilders Canada ETF,4.36%,6.60%,,1.80%,10312456141
SPHY,State Street SPDR Portfolio High Yield Bond ETF,4.07%,3.06%,4.83%,7.32%,10276033085
IGV,iShares Expanded Tech-Software Sector ETF,,1.69%,-30.32%,,10132854878
IJK,iShares S&P Mid-Cap 400 Growth ETF,-7.39%,5.68%,3.50%,0.59%,10062241852
SPTI,State Street SPDR Portfolio Intermediate Term Treasury ETF,27.73%,46.16%,11.51%,3.81%,10001107570
VGLT,Vanguard Long-Term Treasury ETF,11.08%,4.90%,2.03%,4.53%,9969606936
SCHZ,Schwab US Aggregate Bond ETF,14.27%,7.94%,5.67%,4.09%,9965649451
SPSB,State Street SPDR Portfolio Short Term Corporate Bond ETF,21.65%,20.69%,11.32%,4.44%,9884019084
PBUS,Invesco MSCI USA ETF,4.15%,8.66%,,1.09%,9878005640
XLG,Invesco S&P 500 Top 50 ETF,0.77%,1.88%,2.42%,0.67%,9815322716
QQQI,NEOS Nasdaq 100 High Income ETF,,,,14.40%,9776294369
FNDA,Schwab Fundamental U.S. Small Company ETF,2.22%,8.88%,8.03%,1.16%,9754367743
DFCF,Dimensional Core Fixed Income ETF,13.16%,,,4.48%,9738059326
GDXJ,VanEck Junior Gold Miners ETF,113.15%,28.87%,5.80%,2.06%,9722987152
CGUS,Capital Group Core Equity ETF,8.83%,,,0.95%,9556175349
SCHH,Schwab U.S. REIT ETF,4.11%,5.54%,2.85%,2.88%,9526016282
EZU,iShares MSCI Eurozone ETF,20.81%,10.56%,7.13%,2.75%,9521712683
SPAB,State Street SPDR Portfolio Aggregate Bond ETF,13.58%,7.66%,3.22%,4.00%,9490128728
CGGO,Capital Group Global Growth Equity ETF,53.62%,,,1.96%,9471623109
PVAL,Putnam Focused Large Cap Value ETF,24.49%,,,1.04%,9343533798
QLD,ProShares Ultra QQQ,-6.09%,16.71%,30.63%,0.17%,9317470227
FNDE,Schwab Fundamental Emerging Markets Equity ETF,2.76%,15.02%,14.38%,3.81%,9244712526
FLOT,iShares Floating Rate Bond ETF,13.33%,40.60%,23.32%,4.67%,9240741769
CIBR,First Trust NASDAQ Cybersecurity ETF,40.16%,34.48%,,0.67%,9199159267
AIRR,First Trust RBA American Industrial Renaissance ETF,27.70%,35.32%,11.97%,0.15%,9087459261
PRF,Invesco RAFI US 1000 ETF,4.86%,7.74%,6.39%,1.51%,9051058565
ONEQ,Fidelity Nasdaq Composite Index ETF,6.14%,9.22%,9.39%,0.57%,9030502729
BBEU,JPMorgan BetaBuilders Europe ETF,-0.88%,14.80%,,2.84%,9002882130
VPU,Vanguard Utilities ETF,2.65%,2.82%,4.41%,2.51%,8961932762
BUFR,FT Vest Laddered Buffer ETF,,,,,8930638314
FDVV,Fidelity High Dividend ETF,4.60%,10.85%,,2.90%,8853055317
MGC,Vanguard Mega Cap ETF,3.08%,4.86%,4.72%,0.98%,8816630341
FENI,Fidelity Enhanced International ETF,,,,2.92%,8797619120
IEUR,iShares Core MSCI Europe ETF,11.69%,8.99%,5.56%,2.84%,8795806203
SHLD,Global X Defense Tech ETF,,,,0.49%,8721891827
VIGI,Vanguard International Dividend Appreciation ETF,9.62%,16.26%,,2.20%,8672434172
JGRO,JPMorgan Active Growth ETF,14.56%,,,0.16%,8655747641
DBEF,Xtrackers MSCI EAFE Hedged Equity ETF,-24.58%,19.51%,11.42%,5.18%,8654717166
SPYI,NEOS S&P 500 High Income ETF,,,,12.07%,8597979126
DFAE,Dimensional Emerging Core Equity Market ETF,6.03%,,,1.98%,8550567064
JPIE,JPMorgan Income ETF,4.59%,,,5.63%,8479431853
RWL,Invesco S&P 500 Revenue ETF,7.78%,8.03%,7.21%,1.33%,8438243929
IGM,iShares Expanded Tech Sector ETF,-14.27%,6.28%,2.39%,0.16%,8385849608
XBI,State Street SPDR S&P Biotech ETF,454.12%,6.74%,1.03%,0.34%,8364919521
PPA,Invesco Aerospace & Defense ETF,-0.29%,8.08%,2.68%,0.38%,8356623752
PAAA,PGIM AAA CLO ETF,,,,5.02%,8339896449
IJJ,iShares S&P Mid-Cap 400 Value ETF,4.92%,10.66%,7.65%,1.70%,8293096565
IBB,iShares Biotechnology ETF,2.98%,0.08%,16.84%,0.23%,8281177385
IDV,iShares International Select Dividend ETF,2.16%,9.02%,2.23%,4.46%,8279408392
FVD,First Trust Value Line Dividend Index Fund,8.21%,6.38%,6.58%,2.26%,8230014648
GRID,First Trust Nasdaq Clean Edge Smart GRID Infrastructure Index,12.72%,22.74%,15.31%,0.85%,8212433884
QYLD,Global X NASDAQ 100 Covered Call ETF,-0.55%,-4.79%,-0.96%,11.62%,8211028306
SGOL,abrdn Physical Gold Shares ETF,,,,,8194402724
VUSB,Vanguard Ultra-Short Bond ETF,24.56%,,,4.48%,8174005000
DFEM,Dimensional Emerging Markets Core Equity 2 ETF,16.80%,,,2.05%,8123279548
VPL,Vanguard FTSE Pacific ETF,24.81%,18.03%,10.12%,3.49%,8038065670
IOO,iShares Global 100 ETF,-2.85%,1.90%,1.26%,0.91%,8004566092
FTCS,First Trust Capital Strength ETF,0.48%,7.59%,5.96%,1.11%,7995347787
VDC,Vanguard Consumer Staples ETF,1.27%,0.54%,2.07%,2.13%,7945847471
BOND,PIMCO Active Bond Exchange-Traded Fund,13.30%,10.97%,1.00%,5.16%,7769527415
THRO,iShares U.S. Thematic Rotation Active ETF,-29.27%,,,0.18%,7744716656
EWT,iShares MSCI Taiwan ETF,-20.13%,15.11%,14.92%,3.66%,7742050825
AIQ,Global X Artificial Intelligence & Technology ETF,2.91%,0.72%,,0.19%,7740684788
URTH,iShares MSCI World ETF,11.31%,9.01%,5.74%,1.46%,7716961774
XLRE,State Street Real Estate Select Sector SPDR ETF,1.13%,0.99%,,3.27%,7654851209
GUNR,FlexShares Morningstar Global Upstream Natural Resources Index Fund,-8.73%,6.50%,0.84%,2.19%,7649298327
GBIL,ACCESS TREASURY 0-1 YEAR ETF,17.71%,180.07%,,3.86%,7522451236
VIS,Vanguard Industrials ETF,3.06%,6.64%,2.13%,0.92%,7520514720
IAUM,iShares Gold Trust Micro ETF of Benef Interest,,,,,7491009828
SHYG,iShares 0-5 Year High Yield Corporate Bond ETF,6.35%,5.30%,2.18%,7.04%,7488804575
CGCP,Capital Group Core Plus Income ETF,10.79%,,,5.14%,7425656136
COPX,Global X Copper Miners ETF,28.76%,31.77%,32.03%,2.30%,7409479209
ICSH,iShares Ultra Short Duration Bond Active ETF,19.20%,39.70%,22.72%,4.42%,7343947763
IJS,iShares S&P Small-Cap 600 Value ETF,6.90%,13.67%,7.69%,1.37%,7343816375
JMUB,JPMorgan Municipal ETF,12.75%,10.05%,,3.58%,7333987143
SPLV,Invesco S&P 500 Low Volatility ETF,3.97%,7.41%,6.08%,2.09%,7324529770
FDL,First Trust Morningstar Dividend Leaders Index Fund,11.06%,7.56%,8.31%,3.68%,7291948723
VCLT,Vanguard Long-Term Corporate Bond ETF,6.53%,4.56%,0.62%,5.60%,7280600014
BBUS,JPMorgan BetaBuilders U.S. Equity ETF,6.32%,6.35%,,1.09%,7273916333
VBIL,Vanguard 0-3 Month Treasury Bill ETF,,,,3.65%,7253662500
VONE,Vanguard Russell 1000 ETF,5.79%,6.65%,6.25%,1.10%,7243891150
SPYD,State Street SPDR Portfolio S&P 500 High Dividend ETF,4.99%,1.21%,,4.34%,7168362047
HEFA,iShares Currency Hedged MSCI EAFE ETF,-40.42%,13.27%,4.09%,3.13%,7148318156
DFSV,Dimensional US Small Cap Value ETF,24.67%,,,1.49%,7134823574
JBND,JPMorgan Active Bond ETF,,,,4.41%,7094131733
JQUA,JPMorgan U.S. Quality Factor ETF,8.32%,6.49%,,1.23%,7090846887
TBIL,F/m US Treasury 3 Month Bill Fund,,,,3.93%,7087595321
JNK,State Street SPDR Bloomberg High Yield Bond ETF,3.71%,3.58%,-0.46%,6.62%,7077201173
URA,Global X Uranium ETF,7.42%,74.72%,8.33%,4.09%,7007542448
XLB,State Street Materials Select Sector SPDR ETF,-0.22%,6.09%,6.33%,1.68%,6984525711
SPMB,State Street SPDR Portfolio Mortgage Backed Bond ETF,11.09%,3.71%,0.92%,4.02%,6893806860
IJT,iShares S&P Small-Cap 600 Growth ETF,0.20%,10.62%,4.80%,0.82%,6885881098
FNGU,MicroSectors FANG+ 3 Leveraged ETNs,,,,,6866878873
JMTG,JPMorgan Mortgage-Backed Securities ETF,,,,3.15%,6843081344
JGLO,JPMorgan Global Select Equity ETF Global Select Equity ETF,,,,1.20%,6827203782
TFLO,iShares Treasury Floating Rate Bond ETF,13.66%,207.18%,35.26%,4.00%,6820627948
DIVO,Amplify CWP Enhanced Dividend Income ETF,19.86%,11.60%,,6.40%,6820306117
MCHI,iShares MSCI China ETF,3.66%,10.22%,3.12%,2.22%,6793422479
IXN,iShares Global Tech ETF,45.83%,25.00%,18.42%,1.01%,6790652440
ETHA,iShares Ethereum Trust ETF,,,,,6651821337
JMBS,Janus Henderson Mortgage-Backed Securities ETF,15.00%,10.30%,,5.13%,6618957301
FTSM,First Trust Enhanced Short Maturity ETF,18.49%,37.65%,21.32%,4.21%,6578675037
FELC,Fidelity Enhanced Large Cap Core ETF,,,,0.95%,6519255343
AKRE,Akre Focus ETF,,,,,6511193101
PDBC,Invesco Optimum Yield Diversified Commodity Strategy No K-1 ETF,-3.16%,-37.63%,,3.00%,6507798353
DFSD,Dimensional Short-Duration Fixed Income ETF,21.97%,,,3.93%,6485698846
TCAF,T. Rowe Price Capital Appreciation Equity ETF,,,,0.51%,6480453953
VCRB,Vanguard Core Bond ETF,,,,4.57%,6469540750
BKLN,Invesco Senior Loan ETF,5.39%,14.30%,4.20%,7.03%,6397459890
BBAX,JPMorgan BetaBuilders Developed Asia Pacific ex-Japan ETF,-1.87%,9.40%,,3.52%,6396083517
JMST,JPMorgan Ultra-Short Municipal Income ETF,17.19%,35.14%,,2.72%,6384651079
XMMO,Invesco S&P MidCap Momentum ETF,-4.33%,24.80%,20.78%,0.66%,6356130523
INDA,iShares MSCI India ETF,70.86%,40.31%,0.79%,,6352092515
VFLO,VictoryShares Free Cash Flow ETF,,,,1.39%,6350560188
KWEB,KraneShares CSI China Internet ETF,70.99%,-4.07%,17.62%,7.30%,6332373736
ESGE,iShares ESG Aware MSCI EM ETF,13.36%,14.37%,,2.28%,6326981969
FPE,First Trust Preferred Securities & Income ETF,2.30%,1.69%,-0.54%,5.86%,6316167554
BBIN,JPMorgan BetaBuilders International Equity ETF,28.95%,31.51%,,3.69%,6302401861
DXJ,WisdomTree Japan Hedged Equity Fund,-10.13%,8.06%,-4.92%,1.13%,6281158623
SMBS,Schwab Mortgage-Backed Securities ETF,,,,4.80%,6269040070
SPTS,State Street SPDR Portfolio Short Term Treasury ETF,27.64%,60.54%,15.69%,3.94%,6215260292
FMDE,Fidelity Enhanced Mid Cap ETF,,,,1.19%,6186311605
VOOV,Vanguard S&P 500 Value ETF,6.52%,4.45%,5.87%,1.76%,6141045600
VSGX,Vanguard ESG International Stock ETF,23.55%,17.09%,,3.10%,6140610000
JAVA,JPMorgan Active Value ETF,12.85%,,,1.31%,6139885713
LMBS,First Trust Low Duration Opportunities ETF,18.53%,12.34%,2.92%,4.08%,6112853109
XAR,State Street SPDR S&P Aerospace & Defense ETF,17.31%,-1.22%,-2.44%,0.33%,6063511660
FXI,iShares China Large-Cap ETF,1.04%,2.07%,-0.97%,2.55%,6029410829
ARKK,ARK Innovation ETF,,,4.84%,,5985022333
SSO,ProShares Ultra S&P 500,93.25%,61.79%,23.45%,0.75%,5953929519
VWOB,Vanguard Emerging Markets Government Bond ETF,5.99%,3.82%,0.81%,5.86%,5913170517
BLV,Vanguard Long-Term Bond ETF,3.78%,-12.35%,-1.22%,4.73%,5867787000
VCR,Vanguard Consumer Discretionary ETF,6.47%,-8.46%,3.24%,0.76%,5839654385
DLN,WisdomTree U.S. LargeCap Dividend Fund,1.29%,4.80%,5.55%,1.87%,5821786378
CGMU,Capital Group Municipal Income ETF,,,,3.35%,5719261602
DIHP,Dimensional International High Profitability ETF,15.00%,,,2.04%,5716826385
VOX,Vanguard Communication Services ETF,29.60%,16.14%,-5.89%,1.01%,5688114913
CGBL,Capital Group Core Balanced ETF,,,,1.96%,5668238858
DFLV,Dimensional US Large Cap Value ETF,,,,1.51%,5631876267
FBCG,Fidelity Blue Chip Growth ETF,46.20%,25.59%,,0.05%,5629466051
GSIE,Goldman Sachs ActiveBeta International Equity ETF,7.85%,15.42%,,2.54%,5561097003
DFIS,Dimensional International Small Cap ETF,37.87%,,,2.06%,5510984596
SIL,Global X Silver Miners ETF,118.69%,1.59%,-0.82%,1.02%,5491739633
ICVT,iShares Convertible Bond ETF,4.80%,-15.36%,,1.52%,5457098438
EFAV,iShares MSCI EAFE Min Vol Factor ETF,15.14%,16.88%,5.14%,2.96%,5456385733
SCHC,Schwab International Small-Cap Equity ETF,31.95%,15.16%,11.03%,3.39%,5453030719
SPXL,Direxion Daily S&P 500 Bull 3X ETF,47.23%,56.66%,-0.81%,0.70%,5422892085
SIVR,abrdn Physical Silver Shares ETF,,,,,5288404845
KBWB,Invesco KBW Bank ETF,4.65%,7.58%,11.73%,2.12%,5264196695
CGXU,Capital Group International Focus Equity ETF,81.53%,,,5.01%,5254043818
XMHQ,Invesco S&P MidCap Quality ETF,-17.82%,-3.05%,0.92%,0.58%,5130150788
RECS,Columbia Research Enhanced Core ETF,17.96%,-39.41%,,1.13%,5103849439
EVTR,Eaton Vance Total Return Bond ETF,,,,4.61%,5080052258
JHMM,John Hancock Multifactor Mid Cap ETF,2.97%,9.98%,10.65%,0.92%,5058486713